static_wen,  
static_ren,  
static_addr,  
static_wdata,  
static_rdata,  
static_ready,  
static_wen,  
static_ren,  
static_addr,  
static_wdata,  
static_rdata,  
static_ready,  
static_wen,  
static_ren,  
static_addr,  
static_wdata,  
static_rdata,  
static_ready,  
static_wen,  
static_ren,  
static_addr,  
static_wdata,  
static_rdata,  
static_ready,  
static_wen,  
static_ren,  
static_addr,  
static_wdata,  
static_rdata,  
static_ready,  
static_wen,  
static_ren,  
static_addr,  
static_wdata,  
static_rdata,  
static_ready,  
static_wen,  
static_ren,  
static_addr,  
static_wdata,  
static_rdata,  
static_ready,  
static_wen,  
static_ren,  
static_addr,  
static_wdata,  
static_rdata,  
static_ready,  
static_wen,  
static_ren,  
static_addr,  
static_wdata,  
static_rdata,  
static_ready,  
static_wen,  
static_ren,  
static_addr,  
static_wdata,  
static_rdata,  
static_ready,  
static_wen,  
static_ren,  
static_addr,  
static_wdata,  
static_rdata,  
static_ready,  
static_wen,  
static_ren,  
static_addr,  
static_wdata,  
static_rdata,  
static_ready,  
static_wen,  
static_ren,  
static_addr,  
static_wdata,  
static_rdata,  
static_ready,  
static_wen,  
static_ren,  
static_addr,  
static_wdata,  
static_rdata,  
static_ready,  
static_wen,  
static_ren,  
static_addr,  
static_wdata,  
static_rdata,  
static_ready,  
static_wen,  
static_ren,  
static_addr,  
static_wdata,  
static_rdata,  
static_ready,  
static_wen,  
static_ren,  
static_addr,  
static_wdata,  
static_rdata,  
static_ready,  
static_wen,  
static_ren,  
static_addr,  
static_wdata,  
static_rdata,  
static_ready,  
static_wen,  
static_ren,  
static_addr,  
static_wdata,  
static_rdata,  
static_ready,  
static_wen,  
static_ren,  
static_addr,  
static_wdata,  
static_rdata,  
static_ready,  
static_wen,  
static_ren,  
static_addr,  
static_wdata,  
static_rdata,  
static_ready,  
static_wen,  
static_ren,  
static_addr,  
static_wdata,  
static_rdata,  
static_ready,  
static_wen,  
static_ren,  
static_addr,  
static_wdata,  
static_rdata,  
static_ready,  
static_wen,  
static_ren,  
static_addr,  
static_wdata,  
static_rdata,  
static_ready,  
static_wen,  
static_ren,  
static_addr,  
static_wdata,  
static_rdata,  
static_ready,  
static_wen,  
static_ren,  
static_addr,  
static_wdata,  
static_rdata,  
static_ready,  
static_wen,  
static_ren,  
static_addr,  
static_wdata,  
static_rdata,  
static_ready,  
static_wen,  
static_ren,  
static_addr,  
static_wdata,  
static_rdata,  
static_ready,  
static_wen,  
static_ren,  
static_addr,  
static_wdata,  
static_rdata,  
static_ready,  
static_wen,  
static_ren,  
static_addr,  
static_wdata,  
static_rdata,  
static_ready,  
static_wen,  
static_ren,  
static_addr,  
static_wdata,  
static_rdata,  
static_ready,  
static_wen,  
static_ren,  
static_addr,  
static_wdata,  
static_rdata,  
static_ready,  
static_wen,  
static_ren,  
static_addr,  
static_wdata,  
static_rdata,  
static_ready,  
static_wen,  
static_ren,  
static_addr,  
static_wdata,  
static_rdata,  
static_ready,  
static_wen,  
static_ren,  
static_addr,  
static_wdata,  
static_rdata,  
static_ready,  
static_wen,  
static_ren,  
static_addr,  
static_wdata,  
static_rdata,  
static_ready,  
static_wen,  
static_ren,  
static_addr,  
static_wdata,  
static_rdata,  
static_ready,  
static_wen,  
static_ren,  
static_addr,  
static_wdata,  
static_rdata,  
static_ready,  
static_wen,  
static_ren,  
static_addr,  
static_wdata,  
static_rdata,  
static_ready,  
static_wen,  
static_ren,  
static_addr,  
static_wdata,  
static_rdata,  
static_ready,  
static_wen,  
static_ren,  
static_addr,  
static_wdata,  
static_rdata,  
static_ready,  
static_wen,  
static_ren,  
static_addr,  
static_wdata,  
static_rdata,  
static_ready,  
